Recipe Name,with Title,Calories,Prep Time,Cook Time,Recipe Bio,Bust Out List,Ingredients,Instructions,Image URL,Dairy-Free,Vegetarian
1,1,1,3434,34,24,"d,g,h,t","g,f,er,f","eeee,eeee,eee",,False,False
2,2,0,0,0,,,,,,False,False
4,4,0,0,0,,,,,,False,False
0,What,when,340,22,1340,soe,"sss,ffd, s.  ds,sss,s","ff,ss,s","1,2,3",,True,False
0,testing name,when,340,22,1340,soe,"sss,ffd, s.  ds,sss,s","ff,ss,s","1,2,3",,True,False
0,df,,0,0,0,,,,,,False,False
,Recipe Name,with Title,Calories,Prep Time,Cook Time,Recipe Bio,Bust Out List,Ingredients,Instructions,Image URL,Dairy-Free,Vegetarian
0,truen,,0,0,0,,,,,,False,False
,Recipe Name,with Title,Calories,Prep Time,Cook Time,Recipe Bio,Bust Out List,Ingredients,Instructions,Image URL,Dairy-Free,Vegetarian
0,adfgsegser,,0,0,0,,,,,,False,False
,Recipe Name,with Title,Calories,Prep Time,Cook Time,Recipe Bio,Bust Out List,Ingredients,Instructions,Image URL,Dairy-Free,Vegetarian
0,aerfserf,,0,0,0,,,,,,False,False
